[{"obj_id": "Monitor Critical Services Based on Health Score", "obj_type": "correlation_search", "obj_app": "itsi", "obj_storename": "itsi_correlation_search", "obj_shared_by_inclusion": true, "obj_acl": {"obj_owner": "nobody", "read": ["*"], "write": ["*"], "delete": []}, "acl_id": "1d73a2d4-caaa-11ea-9e55-0a98a420f08a", "acl_owner": "nobody", "_user": "nobody", "_key": "1d73a2d4-caaa-11ea-9e55-0a98a420f08a"}, {"obj_id": "Splunk App for Infrastructure Alerts", "obj_type": "correlation_search", "obj_app": "itsi", "obj_storename": "itsi_correlation_search", "obj_shared_by_inclusion": true, "obj_acl": {"obj_owner": "nobody", "read": ["*"], "write": ["*"], "delete": []}, "acl_id": "1dcdbb98-caaa-11ea-9e55-0a98a420f08a", "acl_owner": "nobody", "_user": "nobody", "_key": "1dcdbb98-caaa-11ea-9e55-0a98a420f08a"}, {"obj_id": "Normalized Correlation Search", "obj_type": "correlation_search", "obj_app": "itsi", "obj_storename": "itsi_correlation_search", "obj_shared_by_inclusion": true, "obj_acl": {"obj_owner": "nobody", "read": ["*"], "write": ["*"], "delete": []}, "acl_id": "1e262968-caaa-11ea-9e55-0a98a420f08a", "acl_owner": "nobody", "_user": "nobody", "_key": "1e262968-caaa-11ea-9e55-0a98a420f08a"}, {"obj_id": "SNMP Traps", "obj_type": "correlation_search", "obj_app": "itsi", "obj_storename": "itsi_correlation_search", "obj_shared_by_inclusion": true, "obj_acl": {"obj_owner": "nobody", "read": ["*"], "write": ["*"], "delete": []}, "acl_id": "1e7f6b22-caaa-11ea-9e55-0a98a420f08a", "acl_owner": "nobody", "_user": "nobody", "_key": "1e7f6b22-caaa-11ea-9e55-0a98a420f08a"}, {"obj_id": "Bidirectional Ticketing", "obj_type": "correlation_search", "obj_app": "itsi", "obj_storename": "itsi_correlation_search", "obj_shared_by_inclusion": true, "obj_acl": {"obj_owner": "nobody", "read": ["*"], "write": ["*"], "delete": []}, "acl_id": "1eda8606-caaa-11ea-9e55-0a98a420f08a", "acl_owner": "nobody", "_user": "nobody", "_key": "1eda8606-caaa-11ea-9e55-0a98a420f08a"}, {"obj_id": "itsi_default_policy", "obj_type": "notable_event_aggregation_policy", "obj_app": "itsi", "obj_storename": "itsi_notable_event_aggregation_policy", "obj_shared_by_inclusion": true, "obj_acl": {"obj_owner": "nobody", "read": ["*"], "write": ["*"], "delete": ["*"]}, "acl_id": "1ee50a68-caaa-11ea-8a88-0a98a420f08a", "acl_owner": "nobody", "_user": "nobody", "_key": "1ee50a68-caaa-11ea-8a88-0a98a420f08a"}, {"obj_id": "normalized_aggregation_policy", "obj_type": "notable_event_aggregation_policy", "obj_app": "itsi", "obj_storename": "itsi_notable_event_aggregation_policy", "obj_shared_by_inclusion": true, "obj_acl": {"obj_owner": "nobody", "read": ["*"], "write": ["*"], "delete": []}, "acl_id": "1ef9d682-caaa-11ea-8a88-0a98a420f08a", "acl_owner": "nobody", "_user": "nobody", "_key": "1ef9d682-caaa-11ea-8a88-0a98a420f08a"}, {"obj_id": "itsi_default_snmp_policy", "obj_type": "notable_event_aggregation_policy", "obj_app": "itsi", "obj_storename": "itsi_notable_event_aggregation_policy", "obj_shared_by_inclusion": true, "obj_acl": {"obj_owner": "nobody", "read": ["*"], "write": ["*"], "delete": []}, "acl_id": "1f0ee586-caaa-11ea-8a88-0a98a420f08a", "acl_owner": "nobody", "_user": "nobody", "_key": "1f0ee586-caaa-11ea-8a88-0a98a420f08a"}, {"obj_id": "kpi_alerting_policy", "obj_type": "notable_event_aggregation_policy", "obj_app": "itsi", "obj_storename": "itsi_notable_event_aggregation_policy", "obj_shared_by_inclusion": true, "obj_acl": {"obj_owner": "nobody", "read": ["*"], "write": ["*"], "delete": []}, "acl_id": "1f245290-caaa-11ea-8a88-0a98a420f08a", "acl_owner": "nobody", "_user": "nobody", "_key": "1f245290-caaa-11ea-8a88-0a98a420f08a"}, {"obj_id": "admin", "obj_type": "home_view", "obj_app": "itsi", "obj_storename": "itsi_service_analyzer", "obj_shared_by_inclusion": true, "obj_acl": {"obj_owner": "nobody", "read": ["*"], "write": ["*"], "delete": ["*"]}, "acl_id": "38f075b4-caaa-11ea-ae64-0a98a420f08a", "acl_owner": "nobody", "_user": "nobody", "_key": "38f075b4-caaa-11ea-ae64-0a98a420f08a"}, {"obj_id": "mdonnelly", "obj_type": "home_view", "obj_app": "itsi", "obj_storename": "itsi_service_analyzer", "obj_shared_by_inclusion": true, "obj_acl": {"obj_owner": "nobody", "read": ["*"], "write": ["*"], "delete": ["*"]}, "acl_id": "c774ef90-caaa-11ea-84fa-0a98a420f08a", "acl_owner": "nobody", "_user": "nobody", "_key": "c774ef90-caaa-11ea-84fa-0a98a420f08a"}, {"obj_id": "380bd6f8-9997-11e7-88b9-005056a511b0", "obj_type": "deep_dive", "obj_app": "itsi", "obj_storename": "itsi_pages", "obj_shared_by_inclusion": true, "obj_acl": {"obj_owner": "nobody", "read": ["*"], "write": ["*"], "delete": ["*"]}, "acl_id": "c77f9774-caaa-11ea-84fa-0a98a420f08a", "acl_owner": "nobody", "_user": "nobody", "_key": "c77f9774-caaa-11ea-84fa-0a98a420f08a"}, {"obj_id": "58f8e8f41486490d9055a219", "obj_type": "notable_aggregation_policy", "obj_app": "itsi", "obj_storename": "itsi_notable_event_aggregation_policy", "obj_shared_by_inclusion": true, "obj_acl": {"obj_owner": "nobody", "read": ["*"], "write": ["*"], "delete": ["*"]}, "acl_id": "c78aef8e-caaa-11ea-84fa-0a98a420f08a", "acl_owner": "nobody", "_user": "nobody", "_key": "c78aef8e-caaa-11ea-84fa-0a98a420f08a"}, {"obj_id": "ServiceNow Alert", "obj_type": "correlation_search", "obj_app": "itsi", "obj_storename": "itsi_correlation_search", "obj_shared_by_inclusion": true, "obj_acl": {"obj_owner": "nobody", "read": ["*"], "write": ["*"], "delete": ["*"]}, "acl_id": "c79471c6-caaa-11ea-84fa-0a98a420f08a", "acl_owner": "nobody", "_user": "nobody", "_key": "c79471c6-caaa-11ea-84fa-0a98a420f08a"}, {"obj_id": "New Relic", "obj_type": "correlation_search", "obj_app": "itsi", "obj_storename": "itsi_correlation_search", "obj_shared_by_inclusion": true, "obj_acl": {"obj_owner": "nobody", "read": ["*"], "write": ["*"], "delete": ["*"]}, "acl_id": "c79f139c-caaa-11ea-84fa-0a98a420f08a", "acl_owner": "nobody", "_user": "nobody", "_key": "c79f139c-caaa-11ea-84fa-0a98a420f08a"}, {"obj_id": "Solarwinds Alert", "obj_type": "correlation_search", "obj_app": "itsi", "obj_storename": "itsi_correlation_search", "obj_shared_by_inclusion": true, "obj_acl": {"obj_owner": "nobody", "read": ["*"], "write": ["*"], "delete": ["*"]}, "acl_id": "c7a9bd38-caaa-11ea-84fa-0a98a420f08a", "acl_owner": "nobody", "_user": "nobody", "_key": "c7a9bd38-caaa-11ea-84fa-0a98a420f08a"}, {"obj_id": "mdonnelly_splunk", "obj_type": "home_view", "obj_app": "itsi", "obj_storename": "itsi_service_analyzer", "obj_shared_by_inclusion": true, "obj_acl": {"obj_owner": "nobody", "read": ["*"], "write": ["*"], "delete": ["*"]}, "acl_id": "c7b569ee-caaa-11ea-84fa-0a98a420f08a", "acl_owner": "nobody", "_user": "nobody", "_key": "c7b569ee-caaa-11ea-84fa-0a98a420f08a"}, {"obj_id": "251f96c2-21ea-11e6-b36a-34363bd25dc4", "obj_type": "home_view", "obj_app": "itsi", "obj_storename": "itsi_service_analyzer", "obj_shared_by_inclusion": true, "obj_acl": {"obj_owner": "nobody", "read": ["*"], "write": ["*"], "delete": ["*"]}, "acl_id": "c7be1b0c-caaa-11ea-84fa-0a98a420f08a", "acl_owner": "nobody", "_user": "nobody", "_key": "c7be1b0c-caaa-11ea-84fa-0a98a420f08a"}, {"obj_id": "29ca0e97-21ea-11e6-b2c3-34363bd25dc4", "obj_type": "home_view", "obj_app": "itsi", "obj_storename": "itsi_service_analyzer", "obj_shared_by_inclusion": true, "obj_acl": {"obj_owner": "nobody", "read": ["*"], "write": ["*"], "delete": ["*"]}, "acl_id": "c7c873cc-caaa-11ea-84fa-0a98a420f08a", "acl_owner": "nobody", "_user": "nobody", "_key": "c7c873cc-caaa-11ea-84fa-0a98a420f08a"}, {"obj_id": "2c5632a8-e280-11e6-9bc3-34363bd25dc4", "obj_type": "glass_table", "obj_app": "itsi", "obj_storename": "itsi_pages", "obj_shared_by_inclusion": true, "obj_acl": {"obj_owner": "nobody", "read": ["*"], "write": ["*"], "delete": ["*"]}, "acl_id": "c7d34f4a-caaa-11ea-84fa-0a98a420f08a", "acl_owner": "nobody", "_user": "nobody", "_key": "c7d34f4a-caaa-11ea-84fa-0a98a420f08a"}, {"obj_id": "itsi_user", "obj_type": "home_view", "obj_app": "itsi", "obj_storename": "itsi_service_analyzer", "obj_shared_by_inclusion": true, "obj_acl": {"obj_owner": "nobody", "read": ["*"], "write": ["*"], "delete": ["*"]}, "acl_id": "c7dd335c-caaa-11ea-84fa-0a98a420f08a", "acl_owner": "nobody", "_user": "nobody", "_key": "c7dd335c-caaa-11ea-84fa-0a98a420f08a"}, {"obj_id": "demo_owner", "obj_type": "home_view", "obj_app": "itsi", "obj_storename": "itsi_service_analyzer", "obj_shared_by_inclusion": true, "obj_acl": {"obj_owner": "nobody", "read": ["*"], "write": ["*"], "delete": ["*"]}, "acl_id": "c7e78172-caaa-11ea-84fa-0a98a420f08a", "acl_owner": "nobody", "_user": "nobody", "_key": "c7e78172-caaa-11ea-84fa-0a98a420f08a"}, {"obj_id": "56a01b121486495389434347", "obj_type": "deep_dive", "obj_app": "itsi", "obj_storename": "itsi_pages", "obj_shared_by_inclusion": true, "obj_acl": {"obj_owner": "nobody", "read": ["*"], "write": ["*"], "delete": ["*"]}, "acl_id": "c7f1e78e-caaa-11ea-84fa-0a98a420f08a", "acl_owner": "nobody", "_user": "nobody", "_key": "c7f1e78e-caaa-11ea-84fa-0a98a420f08a"}, {"obj_id": "56a02457148649538943434c", "obj_type": "deep_dive", "obj_app": "itsi", "obj_storename": "itsi_pages", "obj_shared_by_inclusion": true, "obj_acl": {"obj_owner": "nobody", "read": ["*"], "write": ["*"], "delete": ["*"]}, "acl_id": "c7f7212c-caaa-11ea-84fa-0a98a420f08a", "acl_owner": "nobody", "_user": "nobody", "_key": "c7f7212c-caaa-11ea-84fa-0a98a420f08a"}, {"obj_id": "569e8acc14864925b5341086", "obj_type": "deep_dive", "obj_app": "itsi", "obj_storename": "itsi_pages", "obj_shared_by_inclusion": true, "obj_acl": {"obj_owner": "nobody", "read": ["*"], "write": ["*"], "delete": ["*"]}, "acl_id": "c801b380-caaa-11ea-84fa-0a98a420f08a", "acl_owner": "nobody", "_user": "nobody", "_key": "c801b380-caaa-11ea-84fa-0a98a420f08a"}, {"obj_id": "56b14102d91257893c187b39", "obj_type": "deep_dive", "obj_app": "itsi", "obj_storename": "itsi_pages", "obj_shared_by_inclusion": true, "obj_acl": {"obj_owner": "nobody", "read": ["*"], "write": ["*"], "delete": ["*"]}, "acl_id": "c80d4b64-caaa-11ea-84fa-0a98a420f08a", "acl_owner": "nobody", "_user": "nobody", "_key": "c80d4b64-caaa-11ea-84fa-0a98a420f08a"}, {"obj_id": "56a025ff1486495389434350", "obj_type": "deep_dive", "obj_app": "itsi", "obj_storename": "itsi_pages", "obj_shared_by_inclusion": true, "obj_acl": {"obj_owner": "nobody", "read": ["*"], "write": ["*"], "delete": ["*"]}, "acl_id": "c8173660-caaa-11ea-84fa-0a98a420f08a", "acl_owner": "nobody", "_user": "nobody", "_key": "c8173660-caaa-11ea-84fa-0a98a420f08a"}, {"obj_id": "56a02531148649538943434f", "obj_type": "deep_dive", "obj_app": "itsi", "obj_storename": "itsi_pages", "obj_shared_by_inclusion": true, "obj_acl": {"obj_owner": "nobody", "read": ["*"], "write": ["*"], "delete": ["*"]}, "acl_id": "c82118ec-caaa-11ea-84fa-0a98a420f08a", "acl_owner": "nobody", "_user": "nobody", "_key": "c82118ec-caaa-11ea-84fa-0a98a420f08a"}, {"obj_id": "67889587-f850-11e5-9ce4-34363bd25dc4", "obj_type": "deep_dive", "obj_app": "itsi", "obj_storename": "itsi_pages", "obj_shared_by_inclusion": true, "obj_acl": {"obj_owner": "nobody", "read": ["*"], "write": ["*"], "delete": ["*"]}, "acl_id": "c836bc9c-caaa-11ea-84fa-0a98a420f08a", "acl_owner": "nobody", "_user": "nobody", "_key": "c836bc9c-caaa-11ea-84fa-0a98a420f08a"}, {"obj_id": "56a0046d1486490cd1522d95", "obj_type": "deep_dive", "obj_app": "itsi", "obj_storename": "itsi_pages", "obj_shared_by_inclusion": true, "obj_acl": {"obj_owner": "nobody", "read": ["*"], "write": ["*"], "delete": ["*"]}, "acl_id": "c841e23e-caaa-11ea-84fa-0a98a420f08a", "acl_owner": "nobody", "_user": "nobody", "_key": "c841e23e-caaa-11ea-84fa-0a98a420f08a"}, {"obj_id": "56a1281ed9125722833b3cb2", "obj_type": "deep_dive", "obj_app": "itsi", "obj_storename": "itsi_pages", "obj_shared_by_inclusion": true, "obj_acl": {"obj_owner": "nobody", "read": ["*"], "write": ["*"], "delete": ["*"]}, "acl_id": "c84b85e6-caaa-11ea-84fa-0a98a420f08a", "acl_owner": "nobody", "_user": "nobody", "_key": "c84b85e6-caaa-11ea-84fa-0a98a420f08a"}, {"obj_id": "5fbb1f68-9d4d-11e7-9216-005056a511b0", "obj_type": "home_view", "obj_app": "itsi", "obj_storename": "itsi_service_analyzer", "obj_shared_by_inclusion": true, "obj_acl": {"obj_owner": "nobody", "read": ["*"], "write": ["*"], "delete": ["*"]}, "acl_id": "c855ce84-caaa-11ea-84fa-0a98a420f08a", "acl_owner": "nobody", "_user": "nobody", "_key": "c855ce84-caaa-11ea-84fa-0a98a420f08a"}, {"obj_id": "9680af7d-aabd-11e7-a2a0-005056a511b0", "obj_type": "home_view", "obj_app": "itsi", "obj_storename": "itsi_service_analyzer", "obj_shared_by_inclusion": true, "obj_acl": {"obj_owner": "nobody", "read": ["*"], "write": ["*"], "delete": ["*"]}, "acl_id": "c860b3da-caaa-11ea-84fa-0a98a420f08a", "acl_owner": "nobody", "_user": "nobody", "_key": "c860b3da-caaa-11ea-84fa-0a98a420f08a"}, {"obj_id": "Monitor Critical Service Based on HealthScore", "obj_type": "correlation_search", "obj_app": "itsi", "obj_storename": "itsi_correlation_search", "obj_shared_by_inclusion": true, "obj_acl": {"obj_owner": "nobody", "read": ["*"], "write": ["*"], "delete": []}, "acl_id": "c86a13a8-caaa-11ea-84fa-0a98a420f08a", "acl_owner": "nobody", "_user": "nobody", "_key": "c86a13a8-caaa-11ea-84fa-0a98a420f08a"}, {"obj_id": "5192dd9a-153e-11ea-a114-0aeb31fccb7e", "obj_type": "home_view", "obj_app": "itsi", "obj_storename": "itsi_service_analyzer", "obj_shared_by_inclusion": true, "obj_acl": {"obj_owner": "nobody", "read": ["*"], "write": ["*"], "delete": ["*"]}, "acl_id": "c8d81538-caaa-11ea-84fa-0a98a420f08a", "acl_owner": "nobody", "_user": "nobody", "_key": "c8d81538-caaa-11ea-84fa-0a98a420f08a"}]