[{"title": "version_info_update_record_1595265023", "itsi_latest_version": "4.4.4", "itsi_old_version": "4.4.4", "object_type": "migration", "is_migration_done": true, "_user": "nobody", "_key": "5f15cd074fb8cc0ddf592cd1"}, {"title": "version_info_update_record_1595264525", "itsi_latest_version": "4.4.3", "itsi_old_version": "4.4.2", "object_type": "migration", "is_migration_done": true, "_user": "nobody", "_key": "5f15ce0d4fb8cc0ddf592d19"}, {"title": "version_info_update_record_1595264556", "itsi_latest_version": "4.4.3", "itsi_old_version": "4.4.2", "object_type": "migration", "is_migration_done": true, "_user": "nobody", "_key": "5f15ce2c4fb8cc0ddf592d4d"}]