[{"group_assignee": "%owner%", "mod_time": 1595264540.8128455, "title": "Default Policy", "group_status": "%status%", "group_severity": "%severity%", "description": "Applies to events that do not meet the criteria of any other active policy.", "disabled": 0, "group_description": "%description%", "split_by_field": "source", "group_title": "%title%", "rules": [], "object_type": "notable_aggregation_policy", "filter_criteria": {"condition": "OR", "items": []}, "is_default": 1, "create_time": 1575315139.233293, "priority": 5, "identifying_name": "default policy", "breaking_criteria": {"condition": "OR", "items": [{"type": "pause", "config": {"limit": "7200"}}]}, "_user": "nobody", "_key": "itsi_default_policy"}, {"group_assignee": "%owner%", "mod_time": 1595264540.8128498, "title": "Default SNMP Policy", "group_status": "%status%", "group_severity": "%severity%", "description": "Aggregation policy for SNMP traps", "disabled": 1, "group_description": "%description%", "split_by_field": "node,description", "group_title": "%title%", "rules": [], "object_type": "notable_aggregation_policy", "filter_criteria": {"condition": "OR", "items": [{"type": "clause", "config": {"condition": "AND", "items": [{"type": "notable_event_field", "config": {"value": "*", "field": "node", "operator": "="}}, {"type": "notable_event_field", "config": {"value": "*", "field": "description", "operator": "="}}]}}]}, "is_default": 0, "create_time": 1575315139.485869, "priority": "", "identifying_name": "default snmp policy", "breaking_criteria": {"condition": "OR", "items": [{"type": "clause", "config": {"condition": "AND", "items": [{"type": "notable_event_field", "config": {"value": "2", "field": "severity", "operator": "="}}]}}]}, "_user": "nobody", "_key": "itsi_default_snmp_policy"}, {"title": "KPI Alerting Policy", "group_status": "%last_status%", "group_severity": "%last_severity%", "disabled": 0, "group_description": "Grouped alerts from service %service_title%; most recent alert from KPI %kpi_title%", "rules": [], "create_time": 1575315139.619444, "group_assignee": "%last_owner%", "identifying_name": "kpi alerting policy", "source_itsi_da": "itsi", "sub_group_limit": "", "mod_time": 1595264540.81285, "description": "Aggregation policy for KPI state-change alerts", "group_title": "KPI Alerts from Service: %service_title%", "split_by_field": "service_ids", "filter_criteria": {"condition": "OR", "items": [{"type": "clause", "config": {"condition": "AND", "items": [{"type": "notable_event_field", "config": {"value": "*", "field": "kpiid", "operator": "="}}, {"type": "notable_event_field", "config": {"value": "KPI alert", "field": "alert_type", "operator": "="}}]}}]}, "is_default": 0, "priority": "", "object_type": "notable_aggregation_policy", "breaking_criteria": {"condition": "OR", "items": [{"type": "pause", "config": {"limit": "3600"}}]}, "_owner": "nobody", "_user": "nobody", "_key": "kpi_alerting_policy"}, {"group_assignee": "%owner%", "mod_time": 1595264540.8128502, "title": "Normalized Policy (Splunk App for Infrastructure)", "group_status": "%status%", "group_severity": "%last_severity%", "description": "Applies to events that contain ITSI normalized fields.", "disabled": 0, "group_description": "%last_description%", "split_by_field": "itsiAlert,itsiInstance,itsiSubInstance", "group_title": "Normalized Alert for %itsiInstance% (%itsiSubInstance%) : %itsiAlert%", "rules": [{"activation_criteria": {"condition": "AND", "items": [{"type": "breaking_criteria"}, {"type": "notable_event_count", "config": {"limit": "2", "operator": ">="}}]}, "actions": [{"condition": "AND", "items": [{"type": "notable_event_change", "execution_criteria": {"execute_on": "GROUP"}, "config": {"value": "4", "field": "status"}}]}], "description": "", "title": "", "priority": 5}, {"activation_criteria": {"condition": "AND", "items": [{"type": "breaking_criteria"}, {"type": "notable_event_count", "config": {"limit": "1", "operator": "=="}}]}, "actions": [{"condition": "AND", "items": [{"type": "notable_event_change", "execution_criteria": {"execute_on": "GROUP"}, "config": {"value": "5", "field": "status"}}]}], "description": "", "title": "", "priority": 5}], "object_type": "notable_aggregation_policy", "filter_criteria": {"condition": "OR", "items": [{"type": "clause", "config": {"condition": "AND", "items": [{"type": "notable_event_field", "config": {"value": "*", "field": "itsiAlert", "operator": "="}}, {"type": "notable_event_field", "config": {"value": "*", "field": "itsiInstance", "operator": "="}}, {"type": "notable_event_field", "config": {"value": "*", "field": "itsiSubInstance", "operator": "="}}, {"type": "notable_event_field", "config": {"value": "*", "field": "itsiSeverity", "operator": "="}}]}}]}, "is_default": 0, "create_time": 1575315139.378413, "priority": "", "identifying_name": "normalized policy (splunk app for infrastructure)", "breaking_criteria": {"condition": "OR", "items": [{"type": "pause", "config": {"limit": "3600"}}, {"type": "clause", "config": {"condition": "AND", "items": [{"type": "notable_event_field", "config": {"value": "2", "field": "severity", "operator": "="}}]}}]}, "_user": "nobody", "_key": "normalized_aggregation_policy"}]