[{"backup_history": [{"search_head_id": "CDE14C52-F279-4817-876F-BAE924CEE1B2", "create_time": 1595265009.4058309, "file_name": "ItsiDefaultScheduledBackup-1595265009"}, {"search_head_id": "CDE14C52-F279-4817-876F-BAE924CEE1B2", "create_time": 1595264264.250661, "file_name": "ItsiDefaultScheduledBackup-1595264264"}], "mod_source": "REST", "object_type": "backup_restore", "status": "Scheduled Daily", "scheduled_time": 1595293200.961094, "path": "/opt/splunk/var/itsi/backups/ItsiDefaultScheduledBackup/backup", "last_error": "None", "start_time": 1595265009.4058309, "end_time": 1595265019.2686002, "search_head_id": "CDE14C52-F279-4817-876F-BAE924CEE1B2", "title": "Default Scheduled Backup", "last_queued_time": 1581696309.786001, "mod_timestamp": "2020-07-20T17:19:54.836188+00:00", "scheduled": 1, "include_conf_files": 1, "identifying_name": "default scheduled backup", "keep_max_time": 604800, "frequency": "daily", "_version": "4.4.4", "job_type": "Backup", "_owner": "nobody", "enabled": 1, "_user": "nobody", "_key": "ItsiDefaultScheduledBackup"}]