[{"showDisabledServices": 0, "kpiFilterString": "", "serviceTilesSettings": {"numTiles": 50, "isFilterEnabled": false}, "_version": "4.4.3", "kpiWhitelist": [], "isServiceFilterEnabled": false, "kpiTilesSettings": {"numTiles": 50, "isFilterEnabled": false}, "isDefault": true, "mod_timestamp": "2020-07-20T17:02:25.535254+00:00", "identifying_name": "", "viewType": "tile", "isKpiFilterEnabled": false, "serviceWhitelist": "", "view": "standard", "object_type": "home_view", "mod_time": "", "serviceFilterString": "", "searchType": "aggregate", "description": "", "acl": {"can_write": true, "can_share_global": true, "sharing": "app", "can_share_user": true, "can_change_perms": true, "owner": "admin", "can_share_app": true, "modifiable": true, "perms": {"read": ["*"], "write": ["*"]}}, "mod_source": "REST", "title": "", "earliest_time": "-12h", "source_itsi_da": "itsi", "latest_time": "now", "tileSize": "large", "_owner": "nobody", "_user": "nobody", "_key": "admin"}, {"serviceTilesSettings": {"numTiles": 50, "isFilterEnabled": false}, "_version": "4.4.3", "kpiWhitelist": [], "isServiceFilterEnabled": false, "isDefault": true, "kpiTilesSettings": {"numTiles": 50, "isFilterEnabled": false}, "mod_timestamp": "2020-07-20T17:02:25.535287+00:00", "identifying_name": "", "title": "", "isKpiFilterEnabled": false, "serviceWhitelist": "", "view": "standard", "object_type": "home_view", "mod_time": "", "description": "", "acl": {"can_write": true, "can_share_global": true, "can_share_app": true, "can_share_user": true, "can_change_perms": true, "modifiable": true, "sharing": "app", "owner": "demo_owner", "perms": {"read": ["*"], "write": ["*"]}}, "mod_source": "REST", "earliest_time": "-12h", "source_itsi_da": "itsi", "latest_time": "now", "tileSize": "large", "_owner": "nobody", "_user": "nobody", "_key": "demo_owner"}, {"showDisabledServices": 0, "kpiFilterString": "", "serviceTilesSettings": {"numTiles": 50, "isFilterEnabled": true}, "interactable": true, "_version": "4.4.3", "kpiWhitelist": [], "isServiceFilterEnabled": true, "kpiTilesSettings": {"numTiles": 50, "isFilterEnabled": false}, "isDefault": true, "mod_timestamp": "2020-07-20T17:02:25.535298+00:00", "identifying_name": "service analyzer", "isKpiFilterEnabled": false, "serviceWhitelist": "90008121-67a2-4c08-a56e-19fbb2a647d6", "view": "standard", "object_type": "home_view", "mod_time": "2018-01-15 14:38:33", "serviceFilterString": "\"Shared IT Infrastructure\"", "viewType": "service_topology", "searchType": "aggregate", "description": "", "acl": {"can_write": true, "can_share_global": true, "can_share_app": true, "can_share_user": true, "can_change_perms": true, "modifiable": true, "sharing": "app", "owner": "mdonnelly", "perms": {"read": ["*"], "write": ["*"]}}, "mod_source": "REST", "title": "Service Analyzer", "earliest_time": "-12h", "source_itsi_da": "itsi", "latest_time": "now", "tileSize": "large", "_owner": "nobody", "_user": "nobody", "_key": "mdonnelly"}, {"showDisabledServices": 0, "kpiFilterString": "", "serviceTilesSettings": {"numTiles": 50, "isFilterEnabled": true}, "interactable": true, "_version": "4.4.3", "kpiWhitelist": [], "isServiceFilterEnabled": true, "kpiTilesSettings": {"numTiles": 50, "isFilterEnabled": false}, "isDefault": true, "mod_timestamp": "2020-07-20T17:02:25.535309+00:00", "identifying_name": "service analyzer", "isKpiFilterEnabled": false, "serviceWhitelist": "09dd51c2-9fc7-4aa4-9f39-da59ac6b6244,2d29452e-0b71-4153-a2bd-bfea6a4c6c4a,95c99846-404f-4c92-9923-2a8c8594bff1", "view": "standard", "source_itsi_da": "itsi", "mod_time": "2017-10-15 21:52:26", "serviceFilterString": "\"Buttercup Store\",\"Web Store Sales\",\"Web Store Service\"", "searchType": "aggregate", "description": "", "acl": {"can_write": true, "can_share_global": true, "can_share_app": true, "can_share_user": true, "can_change_perms": true, "modifiable": true, "sharing": "app", "owner": "mdonnelly_splunk", "perms": {"read": ["*"], "write": ["*"]}}, "mod_source": "REST", "title": "Service Analyzer", "earliest_time": "-1h", "object_type": "home_view", "latest_time": "now", "tileSize": "large", "_owner": "nobody", "_user": "nobody", "_key": "mdonnelly_splunk"}, {"showDisabledServices": 0, "serviceFilterString": "Splunk*", "serviceTilesSettings": {"numTiles": 50, "isFilterEnabled": true}, "kpiFilterString": "", "title": "SPLK - Splunk Environment Health", "interactable": true, "_version": "4.4.3", "showServiceDependencies": false, "kpiWhitelist": [], "latest_time": "now", "kpiTilesSettings": {"numTiles": 50, "isFilterEnabled": false}, "isDefault": false, "selectedKpiId": "", "mod_timestamp": "2020-07-20T17:02:25.535318+00:00", "identifying_name": "splk - splunk environment health", "selectedServiceId": "", "isKpiFilterEnabled": false, "serviceWhitelist": "8137c1f8-7f34-4fc8-abac-ede6a4592bdf,ac3a0c1f-74ae-42f8-a3f1-cd66cfc9c5c9,810f1ff9-6802-44f8-abd3-e22ee91cf01a,348297e9-4c3f-4139-bb4e-dbf0c830c564,42e4fc7a-ccb3-4e97-a6b6-8bb0e790789a,a19674f2-c454-4b20-a58d-e6b244f8546a,21a68479-4235-4087-9620-18e85b225421", "view": "standard", "source_itsi_da": "itsi", "mod_time": "2019-12-02 13:00:19", "viewType": "service_topology", "searchType": "aggregate", "description": "", "acl": {"can_write": true, "can_share_app": true, "can_share_user": true, "can_change_perms": true, "can_share_global": true, "sharing": "app", "owner": "admin", "modifiable": true, "perms": {"read": ["*"], "write": ["*"]}}, "mod_source": "REST", "earliest_time": "-12h", "object_type": "home_view", "isServiceFilterEnabled": true, "tileSize": "large", "_owner": "nobody", "_user": "nobody", "_key": "5192dd9a-153e-11ea-a114-0aeb31fccb7e"}]