[{"object_type": "notable_event_group", "event_identifier_hash": "0b72b352-0b41-40f8-adf5-5f169a6d02f2", "mod_time": 1575501684.148, "severity": "3", "owner": "unassigned", "status": "1", "_user": "nobody", "_key": "0b72b352-0b41-40f8-adf5-5f169a6d02f2"}, {"object_type": "notable_event_group", "event_identifier_hash": "0c824a86-a14e-4762-88ff-5e103543c521", "mod_time": 1580409368.95, "severity": "5", "owner": "unassigned", "status": "1", "_user": "nobody", "_key": "0c824a86-a14e-4762-88ff-5e103543c521"}, {"object_type": "notable_event_group", "event_identifier_hash": "7c7a8c9c-10e7-4015-9ebe-bb9518acd400", "mod_time": 1581461407.113, "severity": "3", "owner": "unassigned", "status": "1", "_user": "nobody", "_key": "7c7a8c9c-10e7-4015-9ebe-bb9518acd400"}, {"object_type": "notable_event_group", "event_identifier_hash": "ddbf0e9c-9d5c-486f-84fb-0e9218d4a5fb", "mod_time": 1571952238.148, "severity": "3", "owner": "unassigned", "status": "1", "_user": "nobody", "_key": "ddbf0e9c-9d5c-486f-84fb-0e9218d4a5fb"}, {"object_type": "notable_event_group", "event_identifier_hash": "e8c8493c-3585-4941-88d9-7f20f47263e5", "mod_time": 1575654434.573, "severity": "3", "owner": "unassigned", "status": "1", "_user": "nobody", "_key": "e8c8493c-3585-4941-88d9-7f20f47263e5"}]