[{"object_type": "notable_group_system", "last_time": 1575591516.75, "is_active": 0, "title": "Splunk prob: CapabilityExpression on esnyder-mbp-88b55", "policy_id": "itsi_default_policy", "description": " write-maintenance_calendar matches known capability. It will not be treated as an expression. Please see authorize.conf.spec for allowed characters for capability names.", "event_count": 255, "mod_time": 1575654434.549, "start_time": 1575501603.74, "_user": "nobody", "_key": "0b72b352-0b41-40f8-adf5-5f169a6d02f2"}, {"object_type": "notable_group_system", "last_time": 1580499904.85, "is_active": 1, "title": "Splunk prob: HTTP on esnyder-mbp-88b55", "policy_id": "itsi_default_policy", "description": "503 Service Unavailable -- KV Store is initializing. Please try again later.", "event_count": 169, "mod_time": 1580500069.264, "start_time": 1580409302.85, "_user": "nobody", "_key": "0c824a86-a14e-4762-88ff-5e103543c521"}, {"object_type": "notable_group_system", "last_time": 1570646703.44, "is_active": 1, "title": "Splunk prob: X509Verify on esnyder-mbp-88b55", "policy_id": "itsi_default_policy", "description": " X509 certificate (O=SplunkUser,CN=SplunkServerDefaultCert) should not be used, as it is issued by Splunk's own default Certificate Authority (CA). This puts your Splunk instance at very high-risk of the MITM attack. Either commercial-CA-signed or self-CA-signed certificates must be used; see: <http://docs.splunk.com/Documentation/Splunk/latest/Security/Howtoself-signcertificates>", "event_count": 146, "mod_time": 1570646893.569, "start_time": 1570479303.779, "_user": "nobody", "_key": "4bafeee1-16f7-44cf-aa77-fb687cf1a0b7"}, {"object_type": "notable_group_system", "last_time": 1581624009.32, "is_active": 1, "title": "Splunk prob: X509Verify on esnyder-mbp-88b55", "policy_id": "itsi_default_policy", "description": " X509 certificate (O=SplunkUser,CN=SplunkServerDefaultCert) should not be used, as it is issued by Splunk's own default Certificate Authority (CA). This puts your Splunk instance at very high-risk of the MITM attack. Either commercial-CA-signed or self-CA-signed certificates must be used; see: <http://docs.splunk.com/Documentation/Splunk/latest/Security/Howtoself-signcertificates>", "event_count": 293, "mod_time": 1581703989.093, "start_time": 1581461404.53, "_user": "nobody", "_key": "7c7a8c9c-10e7-4015-9ebe-bb9518acd400"}, {"object_type": "notable_group_system", "last_time": 1571952302.41, "is_active": 1, "title": "Splunk prob: X509Verify on esnyder-mbp-88b55", "policy_id": "itsi_default_policy", "description": " X509 certificate (O=SplunkUser,CN=SplunkServerDefaultCert) should not be used, as it is issued by Splunk's own default Certificate Authority (CA). This puts your Splunk instance at very high-risk of the MITM attack. Either commercial-CA-signed or self-CA-signed certificates must be used; see: <http://docs.splunk.com/Documentation/Splunk/latest/Security/Howtoself-signcertificates>", "event_count": 56, "mod_time": 1571952462.495, "start_time": 1571949903.13, "_user": "nobody", "_key": "ddbf0e9c-9d5c-486f-84fb-0e9218d4a5fb"}, {"object_type": "notable_group_system", "last_time": 1575666602.82, "is_active": 1, "title": "Splunk prob: PipelineComponent on esnyder-mbp-88b55", "policy_id": "itsi_default_policy", "description": " System time went forwards by 792.557 seconds", "event_count": 113, "mod_time": 1575666686.505, "start_time": 1575653715.809, "_user": "nobody", "_key": "e8c8493c-3585-4941-88d9-7f20f47263e5"}]