[{"_immutable": "0", "title": "Global", "_version": "4.4.3", "mod_timestamp": "2020-07-20T17:02:06.002915+00:00", "acl": {"write": ["itoa_admin"], "owner": "nobody", "delete": ["itoa_admin"], "read": ["itoa_admin", "itoa_analyst", "itoa_user", "*"]}, "mod_source": "REST", "object_type": "team", "parents": [], "identifying_name": "global", "children": [], "description": "Default team for ITSI", "_user": "nobody", "_key": "default_itsi_security_group", "permissions": {"user": "nobody", "group": {"read": true, "write": true, "delete": true}, "read": true, "write": true, "delete": true}}]